name,rows,cols,nnzs,Sputnik(ms),Sputnik(GFLOPS),cuSPARSE(ms),cuSPARSE(GFLOPS),RoDe(ms),RoDe(GFLOPS)
bcsstk18,11948,11948,149090,0.194662,105.890319,1.651507,12.481244,0.122982,167.608250
sinc15,11532,11532,568526,0.162918,893.346947,1.557606,93.439944,0.118170,1231.642055
lowThrust_5,16262,16262,198369,0.190874,139.083960,1.638093,16.206320,0.082432,322.052788
